rank_global,id,produto,cycle,pass,tile,distancia_m,dentro_geometria,granule_id
1,P01,RIVERSP,055,227,SA,0.0,True,SWOT_L2_HR_RiverSP_Reach_055_227_SA_20260829T001130_20260829T002036_PID0_01
1,P02,RIVERSP,055,227,SA,0.0,True,SWOT_L2_HR_RiverSP_Reach_055_227_SA_20260829T001130_20260829T002036_PID0_01
1,P03,RIVERSP,055,227,SA,0.0,True,SWOT_L2_HR_RiverSP_Reach_055_227_SA_20260829T001130_20260829T002036_PID0_01
1,P04,RIVERSP,055,227,SA,0.0,True,SWOT_L2_HR_RiverSP_Reach_055_227_SA_20260829T001130_20260829T002036_PID0_01
1,P05,RIVERSP,055,227,SA,0.0,True,SWOT_L2_HR_RiverSP_Reach_055_227_SA_20260829T001130_20260829T002036_PID0_01
1,P06,RIVERSP,055,227,SA,0.0,True,SWOT_L2_HR_RiverSP_Reach_055_227_SA_20260829T001130_20260829T002036_PID0_01
1,P07,RIVERSP,055,227,SA,0.0,True,SWOT_L2_HR_RiverSP_Reach_055_227_SA_20260829T001130_20260829T002036_PID0_01
1,P08,RIVERSP,055,227,SA,0.0,True,SWOT_L2_HR_RiverSP_Reach_055_227_SA_20260829T001130_20260829T002036_PID0_01
1,P09,RIVERSP,055,227,SA,0.0,True,SWOT_L2_HR_RiverSP_Reach_055_227_SA_20260829T001130_20260829T002036_PID0_01
1,P10,RIVERSP,055,227,SA,0.0,True,SWOT_L2_HR_RiverSP_Reach_055_227_SA_20260829T001130_20260829T002036_PID0_01
1,P11,RIVERSP,055,227,SA,0.0,True,SWOT_L2_HR_RiverSP_Reach_055_227_SA_20260829T001130_20260829T002036_PID0_01
1,P12,RIVERSP,055,227,SA,0.0,True,SWOT_L2_HR_RiverSP_Reach_055_227_SA_20260829T001130_20260829T002036_PID0_01
1,P13,RIVERSP,055,227,SA,0.0,True,SWOT_L2_HR_RiverSP_Reach_055_227_SA_20260829T001130_20260829T002036_PID0_01
2,P01,RIVERSP,055,158,SA,0.0,True,SWOT_L2_HR_RiverSP_Reach_055_158_SA_20260826T130917_20260826T131837_PID0_01
2,P02,RIVERSP,055,158,SA,0.0,True,SWOT_L2_HR_RiverSP_Reach_055_158_SA_20260826T130917_20260826T131837_PID0_01
2,P03,RIVERSP,055,158,SA,0.0,True,SWOT_L2_HR_RiverSP_Reach_055_158_SA_20260826T130917_20260826T131837_PID0_01
2,P04,RIVERSP,055,158,SA,0.0,True,SWOT_L2_HR_RiverSP_Reach_055_158_SA_20260826T130917_20260826T131837_PID0_01
2,P05,RIVERSP,055,158,SA,0.0,True,SWOT_L2_HR_RiverSP_Reach_055_158_SA_20260826T130917_20260826T131837_PID0_01
2,P06,RIVERSP,055,158,SA,0.0,True,SWOT_L2_HR_RiverSP_Reach_055_158_SA_20260826T130917_20260826T131837_PID0_01
2,P07,RIVERSP,055,158,SA,0.0,True,SWOT_L2_HR_RiverSP_Reach_055_158_SA_20260826T130917_20260826T131837_PID0_01
2,P08,RIVERSP,055,158,SA,0.0,True,SWOT_L2_HR_RiverSP_Reach_055_158_SA_20260826T130917_20260826T131837_PID0_01
2,P09,RIVERSP,055,158,SA,0.0,True,SWOT_L2_HR_RiverSP_Reach_055_158_SA_20260826T130917_20260826T131837_PID0_01
2,P10,RIVERSP,055,158,SA,0.0,True,SWOT_L2_HR_RiverSP_Reach_055_158_SA_20260826T130917_20260826T131837_PID0_01
2,P11,RIVERSP,055,158,SA,0.0,True,SWOT_L2_HR_RiverSP_Reach_055_158_SA_20260826T130917_20260826T131837_PID0_01
2,P12,RIVERSP,055,158,SA,0.0,True,SWOT_L2_HR_RiverSP_Reach_055_158_SA_20260826T130917_20260826T131837_PID0_01
2,P13,RIVERSP,055,158,SA,0.0,True,SWOT_L2_HR_RiverSP_Reach_055_158_SA_20260826T130917_20260826T131837_PID0_01
3,P01,RIVERSP,055,158,SA,0.0,True,SWOT_L2_HR_RiverSP_Reach_055_158_SA_20260826T130917_20260826T131837_PID0_02
3,P02,RIVERSP,055,158,SA,0.0,True,SWOT_L2_HR_RiverSP_Reach_055_158_SA_20260826T130917_20260826T131837_PID0_02
3,P03,RIVERSP,055,158,SA,0.0,True,SWOT_L2_HR_RiverSP_Reach_055_158_SA_20260826T130917_20260826T131837_PID0_02
3,P04,RIVERSP,055,158,SA,0.0,True,SWOT_L2_HR_RiverSP_Reach_055_158_SA_20260826T130917_20260826T131837_PID0_02
3,P05,RIVERSP,055,158,SA,0.0,True,SWOT_L2_HR_RiverSP_Reach_055_158_SA_20260826T130917_20260826T131837_PID0_02
3,P06,RIVERSP,055,158,SA,0.0,True,SWOT_L2_HR_RiverSP_Reach_055_158_SA_20260826T130917_20260826T131837_PID0_02
3,P07,RIVERSP,055,158,SA,0.0,True,SWOT_L2_HR_RiverSP_Reach_055_158_SA_20260826T130917_20260826T131837_PID0_02
3,P08,RIVERSP,055,158,SA,0.0,True,SWOT_L2_HR_RiverSP_Reach_055_158_SA_20260826T130917_20260826T131837_PID0_02
3,P09,RIVERSP,055,158,SA,0.0,True,SWOT_L2_HR_RiverSP_Reach_055_158_SA_20260826T130917_20260826T131837_PID0_02
3,P10,RIVERSP,055,158,SA,0.0,True,SWOT_L2_HR_RiverSP_Reach_055_158_SA_20260826T130917_20260826T131837_PID0_02
3,P11,RIVERSP,055,158,SA,0.0,True,SWOT_L2_HR_RiverSP_Reach_055_158_SA_20260826T130917_20260826T131837_PID0_02
3,P12,RIVERSP,055,158,SA,0.0,True,SWOT_L2_HR_RiverSP_Reach_055_158_SA_20260826T130917_20260826T131837_PID0_02
3,P13,RIVERSP,055,158,SA,0.0,True,SWOT_L2_HR_RiverSP_Reach_055_158_SA_20260826T130917_20260826T131837_PID0_02
4,P01,RIVERSP,055,130,SA,0.0,True,SWOT_L2_HR_RiverSP_Reach_055_130_SA_20260825T130944_20260825T131726_PID0_01
4,P02,RIVERSP,055,130,SA,0.0,True,SWOT_L2_HR_RiverSP_Reach_055_130_SA_20260825T130944_20260825T131726_PID0_01
4,P03,RIVERSP,055,130,SA,0.0,True,SWOT_L2_HR_RiverSP_Reach_055_130_SA_20260825T130944_20260825T131726_PID0_01
4,P04,RIVERSP,055,130,SA,0.0,True,SWOT_L2_HR_RiverSP_Reach_055_130_SA_20260825T130944_20260825T131726_PID0_01
4,P05,RIVERSP,055,130,SA,0.0,True,SWOT_L2_HR_RiverSP_Reach_055_130_SA_20260825T130944_20260825T131726_PID0_01
4,P06,RIVERSP,055,130,SA,0.0,True,SWOT_L2_HR_RiverSP_Reach_055_130_SA_20260825T130944_20260825T131726_PID0_01
4,P07,RIVERSP,055,130,SA,0.0,True,SWOT_L2_HR_RiverSP_Reach_055_130_SA_20260825T130944_20260825T131726_PID0_01
4,P08,RIVERSP,055,130,SA,0.0,True,SWOT_L2_HR_RiverSP_Reach_055_130_SA_20260825T130944_20260825T131726_PID0_01
4,P09,RIVERSP,055,130,SA,0.0,True,SWOT_L2_HR_RiverSP_Reach_055_130_SA_20260825T130944_20260825T131726_PID0_01
4,P10,RIVERSP,055,130,SA,0.0,True,SWOT_L2_HR_RiverSP_Reach_055_130_SA_20260825T130944_20260825T131726_PID0_01
4,P11,RIVERSP,055,130,SA,0.0,True,SWOT_L2_HR_RiverSP_Reach_055_130_SA_20260825T130944_20260825T131726_PID0_01
4,P12,RIVERSP,055,130,SA,0.0,True,SWOT_L2_HR_RiverSP_Reach_055_130_SA_20260825T130944_20260825T131726_PID0_01
4,P13,RIVERSP,055,130,SA,0.0,True,SWOT_L2_HR_RiverSP_Reach_055_130_SA_20260825T130944_20260825T131726_PID0_01
5,P01,RIVERSP,054,533,SA,0.0,True,SWOT_L2_HR_RiverSP_Reach_054_533_SA_20260819T014301_20260819T015823_PID0_01
5,P02,RIVERSP,054,533,SA,0.0,True,SWOT_L2_HR_RiverSP_Reach_054_533_SA_20260819T014301_20260819T015823_PID0_01
5,P03,RIVERSP,054,533,SA,0.0,True,SWOT_L2_HR_RiverSP_Reach_054_533_SA_20260819T014301_20260819T015823_PID0_01
5,P04,RIVERSP,054,533,SA,0.0,True,SWOT_L2_HR_RiverSP_Reach_054_533_SA_20260819T014301_20260819T015823_PID0_01
5,P05,RIVERSP,054,533,SA,0.0,True,SWOT_L2_HR_RiverSP_Reach_054_533_SA_20260819T014301_20260819T015823_PID0_01
5,P06,RIVERSP,054,533,SA,0.0,True,SWOT_L2_HR_RiverSP_Reach_054_533_SA_20260819T014301_20260819T015823_PID0_01
5,P07,RIVERSP,054,533,SA,0.0,True,SWOT_L2_HR_RiverSP_Reach_054_533_SA_20260819T014301_20260819T015823_PID0_01
5,P08,RIVERSP,054,533,SA,0.0,True,SWOT_L2_HR_RiverSP_Reach_054_533_SA_20260819T014301_20260819T015823_PID0_01
5,P09,RIVERSP,054,533,SA,0.0,True,SWOT_L2_HR_RiverSP_Reach_054_533_SA_20260819T014301_20260819T015823_PID0_01
5,P10,RIVERSP,054,533,SA,0.0,True,SWOT_L2_HR_RiverSP_Reach_054_533_SA_20260819T014301_20260819T015823_PID0_01
5,P11,RIVERSP,054,533,SA,0.0,True,SWOT_L2_HR_RiverSP_Reach_054_533_SA_20260819T014301_20260819T015823_PID0_01
5,P12,RIVERSP,054,533,SA,0.0,True,SWOT_L2_HR_RiverSP_Reach_054_533_SA_20260819T014301_20260819T015823_PID0_01
5,P13,RIVERSP,054,533,SA,0.0,True,SWOT_L2_HR_RiverSP_Reach_054_533_SA_20260819T014301_20260819T015823_PID0_01
6,P01,RIVERSP,054,505,SA,0.0,True,SWOT_L2_HR_RiverSP_Reach_054_505_SA_20260818T014925_20260818T015738_PID0_01
6,P02,RIVERSP,054,505,SA,0.0,True,SWOT_L2_HR_RiverSP_Reach_054_505_SA_20260818T014925_20260818T015738_PID0_01
6,P03,RIVERSP,054,505,SA,0.0,True,SWOT_L2_HR_RiverSP_Reach_054_505_SA_20260818T014925_20260818T015738_PID0_01
6,P04,RIVERSP,054,505,SA,0.0,True,SWOT_L2_HR_RiverSP_Reach_054_505_SA_20260818T014925_20260818T015738_PID0_01
6,P05,RIVERSP,054,505,SA,0.0,True,SWOT_L2_HR_RiverSP_Reach_054_505_SA_20260818T014925_20260818T015738_PID0_01
6,P06,RIVERSP,054,505,SA,0.0,True,SWOT_L2_HR_RiverSP_Reach_054_505_SA_20260818T014925_20260818T015738_PID0_01
6,P07,RIVERSP,054,505,SA,0.0,True,SWOT_L2_HR_RiverSP_Reach_054_505_SA_20260818T014925_20260818T015738_PID0_01
6,P08,RIVERSP,054,505,SA,0.0,True,SWOT_L2_HR_RiverSP_Reach_054_505_SA_20260818T014925_20260818T015738_PID0_01
6,P09,RIVERSP,054,505,SA,0.0,True,SWOT_L2_HR_RiverSP_Reach_054_505_SA_20260818T014925_20260818T015738_PID0_01
6,P10,RIVERSP,054,505,SA,0.0,True,SWOT_L2_HR_RiverSP_Reach_054_505_SA_20260818T014925_20260818T015738_PID0_01
6,P11,RIVERSP,054,505,SA,0.0,True,SWOT_L2_HR_RiverSP_Reach_054_505_SA_20260818T014925_20260818T015738_PID0_01
6,P12,RIVERSP,054,505,SA,0.0,True,SWOT_L2_HR_RiverSP_Reach_054_505_SA_20260818T014925_20260818T015738_PID0_01
6,P13,RIVERSP,054,505,SA,0.0,True,SWOT_L2_HR_RiverSP_Reach_054_505_SA_20260818T014925_20260818T015738_PID0_01
7,P01,RIVERSP,054,464,SA,0.0,True,SWOT_L2_HR_RiverSP_Reach_054_464_SA_20260816T144652_20260816T145703_PID0_01
7,P02,RIVERSP,054,464,SA,0.0,True,SWOT_L2_HR_RiverSP_Reach_054_464_SA_20260816T144652_20260816T145703_PID0_01
7,P03,RIVERSP,054,464,SA,0.0,True,SWOT_L2_HR_RiverSP_Reach_054_464_SA_20260816T144652_20260816T145703_PID0_01
7,P04,RIVERSP,054,464,SA,0.0,True,SWOT_L2_HR_RiverSP_Reach_054_464_SA_20260816T144652_20260816T145703_PID0_01
7,P05,RIVERSP,054,464,SA,0.0,True,SWOT_L2_HR_RiverSP_Reach_054_464_SA_20260816T144652_20260816T145703_PID0_01
7,P06,RIVERSP,054,464,SA,0.0,True,SWOT_L2_HR_RiverSP_Reach_054_464_SA_20260816T144652_20260816T145703_PID0_01
7,P07,RIVERSP,054,464,SA,0.0,True,SWOT_L2_HR_RiverSP_Reach_054_464_SA_20260816T144652_20260816T145703_PID0_01
7,P08,RIVERSP,054,464,SA,0.0,True,SWOT_L2_HR_RiverSP_Reach_054_464_SA_20260816T144652_20260816T145703_PID0_01
7,P09,RIVERSP,054,464,SA,0.0,True,SWOT_L2_HR_RiverSP_Reach_054_464_SA_20260816T144652_20260816T145703_PID0_01
7,P10,RIVERSP,054,464,SA,0.0,True,SWOT_L2_HR_RiverSP_Reach_054_464_SA_20260816T144652_20260816T145703_PID0_01
7,P11,RIVERSP,054,464,SA,0.0,True,SWOT_L2_HR_RiverSP_Reach_054_464_SA_20260816T144652_20260816T145703_PID0_01
7,P12,RIVERSP,054,464,SA,0.0,True,SWOT_L2_HR_RiverSP_Reach_054_464_SA_20260816T144652_20260816T145703_PID0_01
7,P13,RIVERSP,054,464,SA,0.0,True,SWOT_L2_HR_RiverSP_Reach_054_464_SA_20260816T144652_20260816T145703_PID0_01
8,P01,RIVERSP,054,436,SA,0.0,True,SWOT_L2_HR_RiverSP_Reach_054_436_SA_20260815T144639_20260815T145521_PID0_01
8,P02,RIVERSP,054,436,SA,0.0,True,SWOT_L2_HR_RiverSP_Reach_054_436_SA_20260815T144639_20260815T145521_PID0_01
8,P03,RIVERSP,054,436,SA,0.0,True,SWOT_L2_HR_RiverSP_Reach_054_436_SA_20260815T144639_20260815T145521_PID0_01
8,P04,RIVERSP,054,436,SA,0.0,True,SWOT_L2_HR_RiverSP_Reach_054_436_SA_20260815T144639_20260815T145521_PID0_01
8,P05,RIVERSP,054,436,SA,0.0,True,SWOT_L2_HR_RiverSP_Reach_054_436_SA_20260815T144639_20260815T145521_PID0_01
8,P06,RIVERSP,054,436,SA,0.0,True,SWOT_L2_HR_RiverSP_Reach_054_436_SA_20260815T144639_20260815T145521_PID0_01
8,P07,RIVERSP,054,436,SA,0.0,True,SWOT_L2_HR_RiverSP_Reach_054_436_SA_20260815T144639_20260815T145521_PID0_01
8,P08,RIVERSP,054,436,SA,0.0,True,SWOT_L2_HR_RiverSP_Reach_054_436_SA_20260815T144639_20260815T145521_PID0_01
8,P09,RIVERSP,054,436,SA,0.0,True,SWOT_L2_HR_RiverSP_Reach_054_436_SA_20260815T144639_20260815T145521_PID0_01
8,P10,RIVERSP,054,436,SA,0.0,True,SWOT_L2_HR_RiverSP_Reach_054_436_SA_20260815T144639_20260815T145521_PID0_01
8,P11,RIVERSP,054,436,SA,0.0,True,SWOT_L2_HR_RiverSP_Reach_054_436_SA_20260815T144639_20260815T145521_PID0_01
8,P12,RIVERSP,054,436,SA,0.0,True,SWOT_L2_HR_RiverSP_Reach_054_436_SA_20260815T144639_20260815T145521_PID0_01
8,P13,RIVERSP,054,436,SA,0.0,True,SWOT_L2_HR_RiverSP_Reach_054_436_SA_20260815T144639_20260815T145521_PID0_01
9,P01,RIVERSP,054,408,SA,0.0,True,SWOT_L2_HR_RiverSP_Reach_054_408_SA_20260814T144736_20260814T145431_PID0_01
9,P02,RIVERSP,054,408,SA,0.0,True,SWOT_L2_HR_RiverSP_Reach_054_408_SA_20260814T144736_20260814T145431_PID0_01
9,P03,RIVERSP,054,408,SA,0.0,True,SWOT_L2_HR_RiverSP_Reach_054_408_SA_20260814T144736_20260814T145431_PID0_01
9,P04,RIVERSP,054,408,SA,0.0,True,SWOT_L2_HR_RiverSP_Reach_054_408_SA_20260814T144736_20260814T145431_PID0_01
9,P05,RIVERSP,054,408,SA,0.0,True,SWOT_L2_HR_RiverSP_Reach_054_408_SA_20260814T144736_20260814T145431_PID0_01
9,P06,RIVERSP,054,408,SA,0.0,True,SWOT_L2_HR_RiverSP_Reach_054_408_SA_20260814T144736_20260814T145431_PID0_01
9,P07,RIVERSP,054,408,SA,0.0,True,SWOT_L2_HR_RiverSP_Reach_054_408_SA_20260814T144736_20260814T145431_PID0_01
9,P08,RIVERSP,054,408,SA,0.0,True,SWOT_L2_HR_RiverSP_Reach_054_408_SA_20260814T144736_20260814T145431_PID0_01
9,P09,RIVERSP,054,408,SA,0.0,True,SWOT_L2_HR_RiverSP_Reach_054_408_SA_20260814T144736_20260814T145431_PID0_01
9,P10,RIVERSP,054,408,SA,0.0,True,SWOT_L2_HR_RiverSP_Reach_054_408_SA_20260814T144736_20260814T145431_PID0_01
9,P11,RIVERSP,054,408,SA,0.0,True,SWOT_L2_HR_RiverSP_Reach_054_408_SA_20260814T144736_20260814T145431_PID0_01
9,P12,RIVERSP,054,408,SA,0.0,True,SWOT_L2_HR_RiverSP_Reach_054_408_SA_20260814T144736_20260814T145431_PID0_01
9,P13,RIVERSP,054,408,SA,0.0,True,SWOT_L2_HR_RiverSP_Reach_054_408_SA_20260814T144736_20260814T145431_PID0_01
10,P01,RIVERSP,054,408,SA,0.0,True,SWOT_L2_HR_RiverSP_Reach_054_408_SA_20260814T144736_20260814T145431_PID0_02
10,P02,RIVERSP,054,408,SA,0.0,True,SWOT_L2_HR_RiverSP_Reach_054_408_SA_20260814T144736_20260814T145431_PID0_02
10,P03,RIVERSP,054,408,SA,0.0,True,SWOT_L2_HR_RiverSP_Reach_054_408_SA_20260814T144736_20260814T145431_PID0_02
10,P04,RIVERSP,054,408,SA,0.0,True,SWOT_L2_HR_RiverSP_Reach_054_408_SA_20260814T144736_20260814T145431_PID0_02
10,P05,RIVERSP,054,408,SA,0.0,True,SWOT_L2_HR_RiverSP_Reach_054_408_SA_20260814T144736_20260814T145431_PID0_02
10,P06,RIVERSP,054,408,SA,0.0,True,SWOT_L2_HR_RiverSP_Reach_054_408_SA_20260814T144736_20260814T145431_PID0_02
10,P07,RIVERSP,054,408,SA,0.0,True,SWOT_L2_HR_RiverSP_Reach_054_408_SA_20260814T144736_20260814T145431_PID0_02
10,P08,RIVERSP,054,408,SA,0.0,True,SWOT_L2_HR_RiverSP_Reach_054_408_SA_20260814T144736_20260814T145431_PID0_02
10,P09,RIVERSP,054,408,SA,0.0,True,SWOT_L2_HR_RiverSP_Reach_054_408_SA_20260814T144736_20260814T145431_PID0_02
10,P10,RIVERSP,054,408,SA,0.0,True,SWOT_L2_HR_RiverSP_Reach_054_408_SA_20260814T144736_20260814T145431_PID0_02
10,P11,RIVERSP,054,408,SA,0.0,True,SWOT_L2_HR_RiverSP_Reach_054_408_SA_20260814T144736_20260814T145431_PID0_02
10,P12,RIVERSP,054,408,SA,0.0,True,SWOT_L2_HR_RiverSP_Reach_054_408_SA_20260814T144736_20260814T145431_PID0_02
10,P13,RIVERSP,054,408,SA,0.0,True,SWOT_L2_HR_RiverSP_Reach_054_408_SA_20260814T144736_20260814T145431_PID0_02
